{
  "train_accuracy": 0.8014353013692599,
  "test_accuracy": 0.7957386863884487,
  "train_auc": 0.880821750437148,
  "test_auc": 0.8751158975076878,
  "cv_auc_mean": 0.8791541156075949,
  "cv_auc_std": 0.0032599953427497985,
  "n_features": 68,
  "n_base_features": 27,
  "n_state_features": 36,
  "n_train_samples": 22713,
  "n_test_samples": 5679,
  "baseline_inclusion_rate": 0.6120738236122851
}