{
  "Has_NIN": 0.6664311379713055,
  "Digital_Access_Index": 0.5301916670637035,
  "education_numeric": 0.5096809645376985,
  "wealth_numeric": 0.440976815974267,
  "state_BORNO": -0.4170623058138325,
  "Infrastructure_Access_Index": 0.40262053090021466,
  "state_KATSINA": -0.34150965052067217,
  "Subsistence_Farming": -0.3282667472847593,
  "urban": 0.2698706082353374,
  "state_GOMBE": -0.2416094514415105,
  "Family_Friends_Support": -0.2257522244305486,
  "state_DELTA": 0.21845112739668565,
  "Income_Diversity_Score": 0.18838957542520873,
  "state_SOKOTO": -0.1492534943347506,
  "state_KOGI": 0.1414823556803794,
  "gender_male": 0.13248538079426458,
  "state_ADAMAWA": -0.1306404963848942,
  "state_ONDO": -0.12789065154485071,
  "state_KANO": -0.12490565162080786,
  "state_ZAMFARA": -0.12199414502871846,
  "state_LAGOS": 0.1188007615617252,
  "state_OGUN": 0.10826294182748089,
  "state_EBONYI": -0.10740374419849655,
  "age_65+": -0.10102701255707167,
  "income_numeric": 0.09640918041080916,
  "state_ENUGU": -0.08543364636352785,
  "state_ANAMBRA": -0.08289944432717439,
  "state_BAUCHI": -0.07816340227343811,
  "state_TARABA": -0.07659286349081904,
  "state_KWARA": 0.07595611261250484,
  "state_PLATEAU": -0.07510877466173516,
  "state_BENUE": -0.07465374342365515,
  "state_EKITI": -0.07358435633701518,
  "state_KADUNA": -0.07239688528977475,
  "Commercial_Farming": -0.07145766082914866,
  "state_YOBE": -0.0712879403007652,
  "Passive_Income": 0.06706201834063025,
  "state_OYO": 0.06324490826616627,
  "Subsist_x_Business": 0.06288188910623291,
  "state_JIGAWA": -0.06153752243136156,
  "Subsist_x_Urban": -0.05303287799443273,
  "age_35-44": 0.04710305320858604,
  "age_55-64": -0.045450990852175716,
  "state_NASARAWA": -0.04194215127477879,
  "age_25-34": 0.0404802947564915,
  "Business_Income": -0.039844717532876044,
  "state_AKWA IBOM": -0.03871211707424101,
  "state_EDO": 0.031015715974729328,
  "money_shortage_frequency": 0.02195617444223679,
  "state_OSUN": 0.020949293880559165,
  "state_FCT": 0.02029499715141017,
  "age_45-54": -0.014393164630684609,
  "state_NIGER": -0.010925001619083408,
  "Subsist_x_Formal": 0.010838244172022051,
  "state_IMO": -0.010804813347431894,
  "state_CROSS RIVER": 0.009331794620799458,
  "Formal_Employment": -0.009024178170979748,
  "state_KEBBI": 0.006113676869976732,
  "state_RIVERS": -0.004331251217929663,
  "state_BAYELSA": 0.0003064642980594078,
  "Savings_Behavior_Score": -6.211626801573982e-17,
  "Old_Age_Planning": -3.105813400786991e-17,
  "savings_frequency_numeric": 0.0,
  "Regular_Saver": 0.0,
  "Informal_Savings_Mode": 0.0,
  "Savings_Frequency_Score": 0.0,
  "Diverse_Savings_Reasons": 0.0,
  "Saves_Money": 0.0,
  "intercept": 0.2845217558466611
}