{
  "education_numeric": 0.7812090836891449,
  "wealth_numeric": 0.7493467001498294,
  "income_numeric": 0.3652532069497553,
  "runs_out_of_money": 0.22692983515345705,
  "savings_frequency_numeric": 0.20533843056757772,
  "gender_male": 0.19937261690069882,
  "urban": 0.13191422417950843,
  "state_KANO": -0.09115848365646875,
  "Age_numeric": 0.08929998537425744,
  "state_KOGI": 0.0687261819466069,
  "state_EDO": 0.06004958860111458,
  "state_BAYELSA": -0.05887521382493796,
  "state_NASARAWA": 0.05671691604699772,
  "state_ADAMAWA": -0.0548032101591385,
  "state_KWARA": 0.05334409600408592,
  "Old_Age_Planning": -0.05110416955863194,
  "state_ZAMFARA": -0.04924428676277511,
  "state_KATSINA": -0.04585870581683473,
  "state_CROSS RIVER": 0.042440329421090335,
  "state_FCT ABUJA": 0.040771200832675866,
  "state_DELTA": 0.03708836765958958,
  "state_ONDO": -0.03629072845241524,
  "state_BORNO": -0.034836012824704325,
  "Diverse_Savings_Reasons": 0.03467645629923113,
  "state_EKITI": 0.030508869408599513,
  "state_PLATEAU": 0.027182050605273577,
  "state_IMO": -0.02489167789166671,
  "state_SOKOTO": -0.02324431664658463,
  "state_ANAMBRA": -0.01970626429510449,
  "state_AKWA-IBOM": -0.016735812308376317,
  "state_OGUN": -0.016284998862036763,
  "state_RIVERS": -0.015619684881737294,
  "Savings_Behavior_Score": -0.014329716861051056,
  "state_JIGAWA": 0.014073351973808544,
  "state_YOBE": 0.013992770187459362,
  "state_EBONYI": 0.013990668354830144,
  "state_BAUCHI": 0.013873766705463836,
  "state_LAGOS": 0.011626730917897305,
  "state_BENUE": -0.009703071354019228,
  "state_GOMBE": -0.008610179866198399,
  "Informal_Savings_Mode": -0.005952845531683876,
  "Saves_Money": -0.005861854510579928,
  "state_ENUGU": 0.005311306232465332,
  "state_NIGER": 0.004366711468899541,
  "state_TARABA": 0.0041999915211078775,
  "Regular_Saver": -0.0041804515094490775,
  "Savings_Frequency_Score": -0.0038491621825166994,
  "state_KADUNA": 0.002566201199023884,
  "state_OYO": -0.0013315100533583014,
  "state_OSUN": -0.001235374326102148,
  "state_KEBBI": -0.0010995830385593446,
  "Agricultural_Income": 0.0,
  "Income_Diversity_Score": 0.0,
  "Passive_Income": 0.0,
  "Formal_Employment": 0.0,
  "Has_NIN": 0.0,
  "Business_Income": 0.0,
  "Digital_Access_Index": 0.0,
  "intercept": 0.11391884181808602
}