{
  "train_accuracy": 0.757777712678697,
  "test_accuracy": 0.7556388774972171,
  "train_auc": 0.8385487339430691,
  "test_auc": 0.8353652952798133,
  "cv_auc_mean": 0.8379238057803133,
  "cv_auc_std": 0.002184291514496935,
  "n_features": 58,
  "n_base_features": 22,
  "n_state_features": 36,
  "n_train_samples": 68272,
  "n_test_samples": 17069,
  "baseline_inclusion_rate": 0.5087355432910324
}