Year,Sector,inclusion_rate,count
2018,Rural,0.37611041405269763,19925
2018,Urban,0.6511750032821321,7617
2020,Rural,0.38857677902621723,21360
2020,Urban,0.6566422269168635,8047
2023,Rural,0.4723849699242247,12801
2023,Urban,0.7267654416009236,15591
